id;date;organization_name;location;activity_name;description;no_of_participants;time;mobile_no;email_id;contact_person;comments;profile_photo;profile_photo_content_type;signature_photo;signature_photo_content_type;status;last_modified;last_modified_by;free_field_1;free_field_2;free_field_3;free_field_4;free_field_5;free_field_6;free_field_7;free_field_8;free_field_9;free_field_10;free_field_11;free_field_12
1;2023-10-18T16:21:17;phew;flat meh whenever;gee upon always;furthermore;24817;fibroblast management calculus;22410;substantial violent;extirpate objectify aside;questionnaire;../fake-data/blob/hipster.png;image/png;../fake-data/blob/hipster.png;image/png;coffee whether;2023-10-18T01:23:25;following vice duh;mast to pish;astride;vainly versus;platter finally;10168;14154;2023-10-17T19:01:21;2023-10-18T01:33:58;true;true;true;true
2;2023-10-18T00:45:17;why straighten;specific inasmuch mispronounce;wherever;tenderly perky yuck;14417;swamp amid favorite;2449;ah cloak trigger;unbearably epic;experience rosemary;../fake-data/blob/hipster.png;image/png;../fake-data/blob/hipster.png;image/png;finally;2023-10-18T17:30:46;recklessly wherever;oh conjure;brightly synod;slippery daring;seemingly;15709;17035;2023-10-17T23:51:53;2023-10-17T23:53:34;true;false;false;true
3;2023-10-18T16:37:23;laptop;ew raze irrupt;cram warm frightened;woot barrack whoa;9602;minus athwart gall;6051;um joint;though;deeply;../fake-data/blob/hipster.png;image/png;../fake-data/blob/hipster.png;image/png;lest through specify;2023-10-18T09:41:09;enrapture as;where;crossly vitrify;tough round footwear;circa;3867;31878;2023-10-17T19:27:27;2023-10-18T10:46:39;false;false;true;true
4;2023-10-17T22:22:50;curate selfishly confused;apropos story-telling;er inasmuch;aw;19770;once;3547;aw drat;zowie fruitful;truly robust;../fake-data/blob/hipster.png;image/png;../fake-data/blob/hipster.png;image/png;velvet ugh taut;2023-10-17T18:57:20;unless salute gently;giraffe;disgusting between if;really performance gee;excluding;32357;24671;2023-10-18T14:58:53;2023-10-18T17:36:22;true;false;true;true
5;2023-10-18T15:14:16;ack unless ick;deliberately outgoing phooey;than wrongly gosh;moral although;680;boohoo above;22362;aha;roof;till;../fake-data/blob/hipster.png;image/png;../fake-data/blob/hipster.png;image/png;distil upside-down towards;2023-10-18T05:48:55;valiantly lest far;clean;predecessor;versus;silent;9239;16788;2023-10-17T20:46:20;2023-10-18T14:45:16;false;true;false;false
6;2023-10-17T22:40:23;seldom;boldly volunteering;pace aside;whether wetly;28103;however plump boo;29410;highly always;crystallography supposing a;off unlike opposite;../fake-data/blob/hipster.png;image/png;../fake-data/blob/hipster.png;image/png;apud strictly except;2023-10-18T02:15:48;familiarise after;ornate;hm compensate formal;honestly blame while;oblong frankly;10904;14917;2023-10-17T21:27:09;2023-10-18T15:19:43;true;true;false;false
7;2023-10-18T03:12:15;overjoyed going if;who;prevent bypass;tasty;6213;concerning amaze;24034;subexpression guitar barring;phooey souvenir instead;fixed;../fake-data/blob/hipster.png;image/png;../fake-data/blob/hipster.png;image/png;alongside regarding;2023-10-18T04:17:16;past loftily excluding;absent;second-hand immediately gladly;precipitate fairly;bottling sousaphone paste;10391;28106;2023-10-17T22:36:35;2023-10-18T07:36:11;true;true;true;true
8;2023-10-18T12:19:51;pretty wherever instead;suddenly mix;gratefully furiously shady;and profuse;15760;personal unwrap consequently;11659;with along;astride adorable;upon sturdy busily;../fake-data/blob/hipster.png;image/png;../fake-data/blob/hipster.png;image/png;cirrus mutton unaccountably;2023-10-17T20:59:36;ha boastfully;past;from;boohoo as;cool vivaciously how;27005;1265;2023-10-18T09:44:45;2023-10-18T08:47:18;false;true;true;false
9;2023-10-18T14:50:56;pale now;wiggly;loosen;vacant;27537;rule jaggedly;27638;supposing geez duh;doubtfully;wisely urgently marmalade;../fake-data/blob/hipster.png;image/png;../fake-data/blob/hipster.png;image/png;anenst even;2023-10-18T09:30:45;hm carefully instantly;succor youthfully eek;when forenenst unabashedly;yum;modulo during reproachfully;13440;25575;2023-10-18T01:39:13;2023-10-17T18:41:11;true;true;true;false
10;2023-10-18T00:40:16;rudely deputise geez;er;oof lighthearted;an;6293;besides likewise;9855;dole out issue;barber across;until;../fake-data/blob/hipster.png;image/png;../fake-data/blob/hipster.png;image/png;likewise instead;2023-10-18T15:02:03;dizzy;landscape likewise;proposition;subdued oh;amongst whether;8602;15541;2023-10-18T02:54:42;2023-10-17T20:40:41;true;false;false;false
