id;first_name;last_name;gender;nationality;country_of_residence;date_of_birth;citizenship;mobile_no;email_id;emergency_contact_name;emergency_contact_relationship;emergency_contact_no;country_of_birth;city_of_residence;state_of_residence;district_of_residence;departure_date;departure_place;arrival_date;arrival_place;status;last_modified;last_modified_by;is_tax_receipt;profile_photo;profile_photo_content_type;profile_photo_content_type;passport_image;passport_image_content_type;passport_image_content_type;conference_name;free_field_1;free_field_2;free_field_3;free_field_4;free_field_5;free_field_6;free_field_7;free_field_8;free_field_9;free_field_10;free_field_11;free_field_11_content_type;free_field_12;free_field_12_content_type
1;Jazmyne;Stroman;MALE;dimly;registry drat boldly;2023-10-18;stem however;18893;after;ew squeeze quantity;whose few upon;1338;randomization unhand firsthand;evenly;arc eek coolly;diaphragm meh;2023-10-18T11:15:41;as train consequence;2023-10-17T22:13:52;worth;uselessly leafy;2023-10-18T09:05:57;legal yuck;false;../fake-data/blob/hipster.png;image/png;geez;../fake-data/blob/hipster.png;image/png;within wasteful;until recliner;mmm aw gamble;beyond onset;sadly smoothly fleece;inasmuch attractive char;12762;28690;2023-10-18T16:21:40;2023-10-17T21:30:40;false;false;../fake-data/blob/hipster.png;image/png;../fake-data/blob/hipster.png;image/png
2;Cyrus;Ferry;MALE;remap;joyful savour qua;2023-10-18;wherever;6255;where radiate midst;readjust tough er;scam coaxingly;27497;brush punctually hairy;inasmuch elastic only;clockwork upset ick;timely;2023-10-18T14:21:41;fully yowza;2023-10-17T18:38:30;apt length really;considering bilk;2023-10-18T15:53:27;considering yet;true;../fake-data/blob/hipster.png;image/png;with upon;../fake-data/blob/hipster.png;image/png;tedious and accompany;after rarely rarely;yahoo profuse;ignorant ah;stumble;while whenever;5240;28805;2023-10-18T16:10:33;2023-10-17T20:43:47;false;true;../fake-data/blob/hipster.png;image/png;../fake-data/blob/hipster.png;image/png
3;Eliezer;Rippin;FEMALE;interleave;than reoccur parrot;2023-10-18;stonework meh;31202;including filing afore;artistic pool yowza;brr;3162;for dead;while;royal;until oily ocean;2023-10-18T00:49:55;but;2023-10-18T00:58:25;music-box;skyscraper;2023-10-18T15:42:12;foolishly eventually;false;../fake-data/blob/hipster.png;image/png;down;../fake-data/blob/hipster.png;image/png;hobbit pleasing narrow;sleeping;creation;rue perfumed;lightly yum whoa;elicit;11839;30561;2023-10-17T23:16:42;2023-10-18T01:19:16;false;false;../fake-data/blob/hipster.png;image/png;../fake-data/blob/hipster.png;image/png
4;Augusta;Schoen;OTHER;indulge harmless notwithstanding;gee socks;2023-10-17;gosh;24845;terribly since;consequently however;document import whenever;14323;amongst;revitalise;gust luminous;subdivide;2023-10-18T16:10:44;boo remains;2023-10-18T06:16:37;provided unhand;far-flung to gall-bladder;2023-10-18T15:38:43;loudly which;false;../fake-data/blob/hipster.png;image/png;yuck ATM;../fake-data/blob/hipster.png;image/png;brutalise;yum terribly waveform;warfare reveal rapid;trachoma ick frankly;altar operate jumpsuit;silently;9902;6072;2023-10-18T11:39:31;2023-10-18T08:41:22;false;false;../fake-data/blob/hipster.png;image/png;../fake-data/blob/hipster.png;image/png
5;Nellie;Armstrong;MALE;talkative;ha voice frightening;2023-10-18;alongside along;10313;astride an gawp;sermonise regarding improvise;phew;29348;baggy aha;towards;deglaze joyfully;phew;2023-10-17T22:14:50;blacken oof geez;2023-10-18T17:49:07;knobby deeply drat;where hug piercing;2023-10-18T12:23:32;phew seriously feminize;true;../fake-data/blob/hipster.png;image/png;even;../fake-data/blob/hipster.png;image/png;revoke;generally opposite;knowingly;where corridor;scratch reassuringly;how until vice;2539;18000;2023-10-17T18:46:16;2023-10-17T22:54:34;false;false;../fake-data/blob/hipster.png;image/png;../fake-data/blob/hipster.png;image/png
6;Eliezer;Beahan;FEMALE;awaken flower;concerned caftan;2023-10-18;hearten without judge;12901;choosing provided hastily;excluding blissful;before;1419;excepting;goose;given;finally;2023-10-18T15:57:07;yum;2023-10-17T19:40:31;fedelini;zowie bare preset;2023-10-17T22:41:33;how enormous ultimately;true;../fake-data/blob/hipster.png;image/png;dependable pfft;../fake-data/blob/hipster.png;image/png;domain mmm understudy;underneath;misfire pier;spike amid;psst chopstick colorful;excepting yahoo that;9415;6431;2023-10-18T01:41:03;2023-10-18T13:15:52;true;true;../fake-data/blob/hipster.png;image/png;../fake-data/blob/hipster.png;image/png
7;Eudora;Walker-Davis;OTHER;generously angry;without lest frivolous;2023-10-18;leach;22885;insubstantial;well concerning;hock less hop;31272;from the;gadzooks sturdy;inasmuch blah;which after;2023-10-18T10:07:25;gee;2023-10-18T05:07:37;reapply when;delectable fluff;2023-10-18T04:17:29;only than however;true;../fake-data/blob/hipster.png;image/png;until diadem;../fake-data/blob/hipster.png;image/png;nocturnal but furl;full knavishly;phew which;pish through so;in;beyond yippee zesty;14003;15984;2023-10-18T06:44:20;2023-10-18T06:02:54;true;true;../fake-data/blob/hipster.png;image/png;../fake-data/blob/hipster.png;image/png
8;Taylor;Doyle;OTHER;following;anxiously;2023-10-17;likewise gadzooks pish;2759;vital commitment knottily;notwithstanding remorseful acceptance;fortunately;12614;toward inasmuch never;coil yahoo cheerfully;epitomise;whenever yum;2023-10-18T04:04:15;shoo;2023-10-17T18:38:24;the before oldie;admission terribly wild;2023-10-17T20:20:08;mechanically rightfully unlike;false;../fake-data/blob/hipster.png;image/png;quintessential;../fake-data/blob/hipster.png;image/png;exercise nor;remorseful;hm;kindly;needily inside;or viciously;5550;28243;2023-10-18T06:45:13;2023-10-18T01:25:46;true;false;../fake-data/blob/hipster.png;image/png;../fake-data/blob/hipster.png;image/png
9;Reyna;Collier;OTHER;willfully um;yearly likable;2023-10-18;phooey;24198;gah;without;gah hack;16521;deck supposing outside;tremendously mechanically;midst;clear-cut lifetime;2023-10-17T21:45:22;duel unbearably solidly;2023-10-18T06:25:20;wet declutter;overthrow;2023-10-18T15:12:32;frankly beside stealthily;true;../fake-data/blob/hipster.png;image/png;yowza psst at;../fake-data/blob/hipster.png;image/png;fussy wherever;pomegranate hm and;between;overlooked;except since reconnect;loudly serpentine;19713;14885;2023-10-18T09:35:20;2023-10-18T16:41:18;false;true;../fake-data/blob/hipster.png;image/png;../fake-data/blob/hipster.png;image/png
10;Jalyn;Murray;FEMALE;glass;who unethically yet;2023-10-18;excepting noteworthy whoa;26778;out;gruesome rock ha;belch sinful favorable;7395;mmm wildly;blindly jingle fervently;official yellow mundane;woot;2023-10-18T08:19:41;second-hand of;2023-10-17T20:42:51;along enchanting after;creative;2023-10-17T20:45:37;reinterpret tingle judicious;true;../fake-data/blob/hipster.png;image/png;charity amid cuddly;../fake-data/blob/hipster.png;image/png;ouch yahoo spry;unless though;shyly;eventually envelop that;foal ah selfishly;monthly hmph;6979;23931;2023-10-18T01:30:59;2023-10-18T01:29:24;false;false;../fake-data/blob/hipster.png;image/png;../fake-data/blob/hipster.png;image/png
